[{"anonymous": false, "inputs": [{"indexed": false, "internalType": "string", "name": "did", "type": "string"}, {"indexed": false, "internalType": "address", "name": "owner", "type": "address"}], "name": "DIDCreated", "type": "event"}, {"inputs": [{"internalType": "string", "name": "did", "type": "string"}, {"internalType": "string", "name": "typeOfProof", "type": "string"}, {"internalType": "string", "name": "created", "type": "string"}, {"internalType": "string", "name": "proofPurpose", "type": "string"}, {"internalType": "string", "name": "verificationMethod", "type": "string"}, {"internalType": "string", "name": "proofValue", "type": "string"}], "name": "addProof", "outputs": [], "stateMutability": "nonpayable", "type": "function"}, {"inputs": [{"internalType": "string", "name": "context", "type": "string"}, {"internalType": "string", "name": "created", "type": "string"}, {"internalType": "string", "name": "updated", "type": "string"}, {"internalType": "string", "name": "version", "type": "string"}, {"internalType": "string[]", "name": "publicKeyPems", "type": "string[]"}, {"internalType": "string[]", "name": "typesOfKey", "type": "string[]"}], "name": "generateDID", "outputs": [{"internalType": "string", "name": "", "type": "string"}], "stateMutability": "nonpayable", "type": "function"}, {"inputs": [{"internalType": "string", "name": "did", "type": "string"}], "name": "getDIDDocument", "outputs": [{"components": [{"internalType": "string", "name": "context", "type": "string"}, {"internalType": "string", "name": "id", "type": "string"}, {"internalType": "string", "name": "created", "type": "string"}, {"internalType": "string", "name": "updated", "type": "string"}, {"internalType": "string", "name": "version", "type": "string"}, {"components": [{"internalType": "string", "name": "id", "type": "string"}, {"internalType": "string", "name": "typeOfKey", "type": "string"}, {"internalType": "string", "name": "publicKeyPem", "type": "string"}, {"internalType": "address", "name": "addr", "type": "address"}], "internalType": "struct DIDRegistry.VerificationMethod[]", "name": "verificationMethods", "type": "tuple[]"}, {"components": [{"internalType": "string", "name": "typeOfProof", "type": "string"}, {"internalType": "string", "name": "created", "type": "string"}, {"internalType": "string", "name": "proofPurpose", "type": "string"}, {"internalType": "string", "name": "verificationMethod", "type": "string"}, {"internalType": "string", "name": "proofValue", "type": "string"}], "internalType": "struct DIDRegistry.Proof", "name": "proof", "type": "tuple"}], "internalType": "struct DIDRegistry.DIDDocument", "name": "", "type": "tuple"}], "stateMutability": "view", "type": "function"}]